feature,group,shap_lgbm,shap_xgb,rank_lgbm,rank_xgb
auction_ew_bids,Auction,0.3923236368686197,0.29000664,1,3
auction_len,Auction,0.38303380687473076,0.49580172,2,1
auction_ns_bids,Auction,0.3796862988207214,0.28957623,3,4
dd_par_level,DDS,0.3276662758426625,0.47480756,4,2
opening_level,Auction,0.20984779883443927,0.20774257,5,6
auction_competitive,Auction,0.17508537634155735,0.14301,6,7
ns_hcp,Partnership,0.15458357634053516,0.23340853,7,5
ns_best_fit,Partnership,0.1372829692669951,0.11567825,8,8
ew_best_fit,Partnership,0.09966617056421266,0.088513546,9,13
ns_ltc,Partnership,0.09722132343158696,0.09681697,10,10
ns_fit_S,Partnership,0.09431008102038564,0.094183475,11,11
opening_strain_C,Auction,0.09180652915230134,0.09885288,12,9
ew_ltc,Partnership,0.08781101404233228,0.08707792,13,14
ns_fit_H,Partnership,0.07986263157668474,0.09285144,14,12
opening_strain_N,Auction,0.07073477228630608,0.038635336,15,30
ew_dd_H,DDS,0.061886553896899045,0.058684874,16,15
ew_hcp,Partnership,0.05731740725265753,0.04836003,17,19
ew_dd_S,DDS,0.0552955287244201,0.050743848,18,17
auction_has_double,Auction,0.052275818106282484,0.03469448,19,34
ns_dd_H,DDS,0.04981044414821524,0.045093406,20,23
opening_strain_S,Auction,0.04940915621385648,0.031889725,21,38
ns_dd_S,DDS,0.04724569396447048,0.04515569,22,22
dd_par_score,DDS,0.04280229617198088,0.03263415,23,37
opening_strain_D,Auction,0.041608458822782336,0.05119771,24,16
ns_dd_N,DDS,0.04113343378362514,0.037002258,25,33
ns_fit_D,Partnership,0.037531712914164024,0.04920298,26,18
ns_dd_C,DDS,0.03736684280106268,0.041367948,27,26
ns_dd_D,DDS,0.03705186704273073,0.041015558,28,27
ew_dd_D,DDS,0.036996554356014955,0.040561825,29,29
ns_fit_C,Partnership,0.03661157453320888,0.04828059,30,20
ew_dd_C,DDS,0.03640762481020827,0.04219553,31,25
dd_par_denom_S,DDS,0.035866275991523394,0.029263973,32,44
auction_doubled,Auction,0.035588760923653893,0.04291917,33,24
N_hcp,Per-seat,0.035333283165468965,0.038474757,34,31
opening_strain_H,Auction,0.034880557101150664,0.019011175,35,90
S_hcp,Per-seat,0.033900072461358115,0.030408207,36,41
W_hcp,Per-seat,0.03376939347686546,0.033556487,37,35
E_longest_suit_len,Per-seat,0.03272097320789206,0.029561771,38,42
S_longest_suit_len,Per-seat,0.0323842777437994,0.029555047,39,43
ew_dd_N,DDS,0.03238427139379198,0.029263044,40,45
ew_fit_S,Partnership,0.032208710530910456,0.017370632,41,95
W_hcp_S,Per-seat,0.03183160518532626,0.02342084,42,59
E_len_S,Per-seat,0.031789997066345284,0.026490951,43,50
dd_par_denom_N,DDS,0.03178030140272275,0.04608681,44,21
N_len_S,Per-seat,0.03132712669157409,0.030545322,45,40
N_longest_suit_len,Per-seat,0.031061814822579605,0.040904246,46,28
E_hcp,Per-seat,0.030494084327418066,0.028068153,47,46
ew_fit_H,Partnership,0.029783798129616526,0.015526711,48,98
N_hcp_C,Per-seat,0.029676913855659893,0.021877527,49,75
S_hcp_H,Per-seat,0.02904185197343436,0.027071247,50,47
S_hcp_S,Per-seat,0.02888920073515306,0.023567634,51,58
S_len_S,Per-seat,0.028719162159825475,0.024483083,52,56
ns_controls,Partnership,0.028675039293199783,0.037393942,53,32
S_hcp_C,Per-seat,0.028594352323966624,0.023273524,54,60
N_ltc,Per-seat,0.028538837410323457,0.03111301,55,39
W_controls,Per-seat,0.02850027766403395,0.021666113,56,76
W_len_S,Per-seat,0.02838863408753068,0.023111885,57,63
W_longest_suit_len,Per-seat,0.02837907603359549,0.03266009,58,36
N_hcp_H,Per-seat,0.02826943573617576,0.027002372,59,48
E_len_D,Per-seat,0.027783931386729473,0.025272852,60,53
E_hcp_D,Per-seat,0.027623321240352536,0.022839177,61,68
S_hcp_D,Per-seat,0.02757774513936005,0.024863387,62,54
E_hcp_H,Per-seat,0.02756024087005569,0.022282368,63,72
W_hcp_C,Per-seat,0.0275065545205957,0.022896016,64,67
N_len_H,Per-seat,0.02723125703124517,0.02244704,65,71
E_len_H,Per-seat,0.02694117904256676,0.02222952,66,73
W_len_H,Per-seat,0.026687471105513134,0.023132754,67,62
N_hcp_S,Per-seat,0.026666031174335164,0.023066869,68,64
E_hcp_C,Per-seat,0.026590931845605643,0.024842897,69,55
E_ltc,Per-seat,0.026258703744737683,0.026940204,70,49
W_hcp_H,Per-seat,0.02618042864246929,0.020094331,71,85
E_hcp_S,Per-seat,0.025487773096115492,0.025281359,72,52
dd_par_denom_H,DDS,0.024963327768335198,0.022951322,73,66
W_ltc,Per-seat,0.02417242157878082,0.024095677,74,57
S_len_D,Per-seat,0.02412451858862613,0.01825805,75,93
N_len_C,Per-seat,0.02402004514218122,0.020821508,76,80
N_hcp_D,Per-seat,0.02399929181176762,0.019644318,77,87
S_ltc,Per-seat,0.023967586162717595,0.023212802,78,61
S_len_H,Per-seat,0.023779573193804537,0.0185884,79,91
W_len_D,Per-seat,0.023636584805425815,0.022966832,80,65
ns_best_suit_C,Partnership,0.023531651931133317,0.02098383,81,78
S_len_C,Per-seat,0.023232958203842465,0.02273768,82,69
E_len_C,Per-seat,0.023023319388258457,0.019324029,83,89
W_hcp_D,Per-seat,0.02267292856881713,0.022664538,84,70
ew_both_balanced,Partnership,0.022563075878469816,0.020454397,85,82
S_controls,Per-seat,0.022313887646655706,0.02038895,86,83
N_len_D,Per-seat,0.021934869630903117,0.025452787,87,51
W_len_C,Per-seat,0.02149578492522762,0.022011543,88,74
E_controls,Per-seat,0.02145399012915218,0.020690631,89,81
ns_both_balanced,Partnership,0.020867339944835375,0.021170367,90,77
ew_best_suit_C,Partnership,0.020237335109284816,0.020338433,91,84
N_doubletons,Per-seat,0.019658755091550024,0.0138284955,92,103
N_controls,Per-seat,0.019653931645898907,0.017849986,93,94
W_doubletons,Per-seat,0.01917002049394022,0.019830033,94,86
hcp_ns_advantage,Partnership,0.019054382269443292,0.010334315,95,113
ew_nt_stoppers,Partnership,0.018707477899662473,0.015320087,96,99
S_doubletons,Per-seat,0.018602377737659933,0.014077512,97,102
ew_controls,Partnership,0.018453894205284423,0.008539338,98,127
E_doubletons,Per-seat,0.01794706977499131,0.01303833,99,106
ew_fit_D,Partnership,0.016451045336266287,0.009350604,100,120
ew_fit_C,Partnership,0.015720161678008302,0.0087663205,101,125
dd_par_denom_D,DDS,0.01546590435950015,0.016933506,102,96
ns_best_suit_D,Partnership,0.015356761761618138,0.020962898,103,79
vuln_ew,Deal,0.015079972089932366,0.010060591,104,115
E_balanced,Per-seat,0.01435437520412504,0.016498458,105,97
ew_best_suit_D,Partnership,0.014239799645237033,0.01837636,106,92
W_singletons,Per-seat,0.014089196690055164,0.01324621,107,105
S_singletons,Per-seat,0.013961363763577568,0.012742846,108,108
ns_nt_stoppers,Partnership,0.013322120947475511,0.011168602,109,110
ew_best_suit_H,Partnership,0.013178508146919446,0.013767535,110,104
S_balanced,Per-seat,0.012960668728730845,0.014538698,111,101
ew_stopper_H,Partnership,0.01270577519403524,0.011459531,112,109
ns_best_suit_H,Partnership,0.012694541848814713,0.012813487,113,107
ew_best_suit_S,Partnership,0.012524972042500254,0.009883915,114,117
ns_stopper_S,Partnership,0.011640532410002657,0.00700896,115,140
dealer_S,Deal,0.011263060206948488,0.007650176,116,134
W_balanced,Per-seat,0.010765766638358886,0.010373746,117,112
ns_stopper_H,Partnership,0.010701331135572737,0.010044888,118,116
E_stopper_C,Per-seat,0.010392550540554716,0.006726515,119,141
dealer_E,Deal,0.010246625571861137,0.009866284,120,118
N_longest_D,Per-seat,0.010149314885939764,0.0085260365,121,128
dd_par_denom_C,DDS,0.010038373750597192,0.007954656,122,132
N_singletons,Per-seat,0.009891923210641279,0.011117256,123,111
ns_best_suit_S,Partnership,0.009575603941289614,0.00875653,124,126
vuln_ns,Deal,0.009525989564913129,0.010138175,125,114
N_balanced,Per-seat,0.00945825812100832,0.014620985,126,100
auction_alerts,Auction,0.009318966512042975,0.0047139847,127,163
ns_has_fit_S,Partnership,0.009069051295461959,0.009528664,128,119
E_longest_D,Per-seat,0.008967649022125643,0.0052329884,129,155
dealer_N,Deal,0.008645522675869976,0.006137395,130,146
dealer_W,Deal,0.008571396111404202,0.00927573,131,121
S_longest_H,Per-seat,0.008523191915804411,0.0056248587,132,151
W_longest_C,Per-seat,0.008311027402936167,0.0053364327,133,152
E_singletons,Per-seat,0.008164889005493583,0.0089011025,134,123
vuln_none,Deal,0.00812247202128588,0.008892158,135,124
W_longest_H,Per-seat,0.00808887393658386,0.008233689,136,130
N_stopper_C,Per-seat,0.007984457445667812,0.0046552056,137,165
W_longest_D,Per-seat,0.007779411659247658,0.006685346,138,142
S_stopper_S,Per-seat,0.007670686198541822,0.00589362,139,148
vuln_both,Deal,0.007669890691693649,0.0074611213,140,136
W_stopper_H,Per-seat,0.007451163486057827,0.0077147647,141,133
S_longest_D,Per-seat,0.007431842782631604,0.00907537,142,122
N_longest_S,Per-seat,0.007250428678674742,0.006459479,143,144
W_longest_S,Per-seat,0.007187851438893633,0.00470744,144,164
N_longest_C,Per-seat,0.007171585894267628,0.005817924,145,149
ew_stopper_S,Partnership,0.00699382349750656,0.007354906,146,137
ns_has_fit_H,Partnership,0.006940052179071026,0.008429806,147,129
E_longest_S,Per-seat,0.006879937749186003,0.0075249923,148,135
E_longest_C,Per-seat,0.006826517413144147,0.0070757135,149,139
N_stopper_D,Per-seat,0.006665138609165473,0.0039941273,150,170
S_longest_S,Per-seat,0.006622255920703824,0.0051752045,151,157
E_longest_H,Per-seat,0.006604886507263417,0.00726676,152,138
S_stopper_C,Per-seat,0.0065983496534047425,0.0045167315,153,166
S_stopper_H,Per-seat,0.006590032748605028,0.0060063694,154,147
ew_stopper_D,Partnership,0.0065595304084821995,0.005640948,155,150
N_longest_H,Per-seat,0.006303289006143681,0.005297243,156,154
ew_stopper_C,Partnership,0.006281697923517368,0.008102325,157,131
ns_stopper_C,Partnership,0.006272681783584675,0.006489586,158,143
E_stopper_S,Per-seat,0.0062439672817927,0.0053038653,159,153
N_stopper_H,Per-seat,0.006094775603982457,0.0051955217,160,156
ns_has_fit_D,Partnership,0.005703219227244299,0.0030335588,161,176
W_stopper_D,Per-seat,0.005568910450940592,0.0044990946,162,167
E_stopper_H,Per-seat,0.005442573867827277,0.006349565,163,145
N_stopper_S,Per-seat,0.00540970351338656,0.004976114,164,160
S_longest_C,Per-seat,0.00538112489828103,0.005053861,165,159
S_stopper_D,Per-seat,0.00524070308986161,0.003975127,166,171
ns_stopper_D,Partnership,0.005124717620649742,0.0049515953,167,161
dd_par_declarer_is_ns,DDS,0.005064816398908473,0.003581779,168,174
W_stopper_C,Per-seat,0.004979732695192373,0.0042317198,169,169
W_stopper_S,Per-seat,0.004568335197668043,0.0035721473,170,175
E_stopper_D,Per-seat,0.0042185629729597045,0.0036507577,171,173
opening_strain_PASS,Auction,0.0036986507747477863,0.01961204,172,88
ew_has_fit_S,Partnership,0.0035062031293241584,0.0017678525,173,178
ns_has_fit_C,Partnership,0.0031227628273888587,0.0029342452,174,177
ew_has_fit_H,Partnership,0.0030861155961043572,0.0015314044,175,179
E_voids,Per-seat,0.0030815254409467473,0.004925972,176,162
W_voids,Per-seat,0.002947592166677946,0.0050771716,177,158
S_voids,Per-seat,0.0028169211983504836,0.004311712,178,168
N_voids,Per-seat,0.0028113140847991365,0.003653439,179,172
ew_has_fit_D,Partnership,0.001889879494775583,0.0007998097,180,180
ew_has_fit_C,Partnership,0.0012615166776498632,0.0007319366,181,181
auction_redoubled,Auction,0.00016501546409363667,1.3271579e-06,182,182
